employer_phone,occurrences
(201) 290-9573 ,126
(206) 266-1000  ,39
(650) 253-0000  ,37
(425) 538-3872  ,34
(408) 765-8080    ,32
(469) 229-9400    ,22
(650) 506-7000    ,20
(408) 974-4146  ,16
(858) 651-1440  ,16
(408) 526-4000  ,14
(650) 543-4800  ,14
(214) 840-1464    ,11
(804) 284-1000    ,10
(732) 509-1586     ,9
(408) 376-4952     ,8
(650) 427-5000     ,8
(770) 538-2120     ,8
(201) 872-2200     ,7
(312) 395-5558     ,7
(408) 733-0480     ,7
(415) 901-7000     ,7
(781) 939-1720     ,7
(847) 384-6100     ,7
(908) 219-8050     ,7
(212) 318-2000     ,6
(248) 603-2600     ,6
(408) 349-3300     ,6
(608) 271-9000     ,6
(650) 584-5000     ,6
(312) 732-2655     ,5
(334) 387-1711     ,5
(408) 801-1000     ,5
(425) 705-9061     ,5
(479) 277-1440     ,5
(502) 425-8425     ,5
(508) 435-1000     ,5
(609) 606-9010     ,5
(646) 471-3000     ,5
(646) 855-1847     ,5
(650) 336-3809     ,5
(650) 432-3200     ,5
(908) 604-8080     ,5
(949) 450-8700     ,5
(224) 405-0900     ,4
(401) 770-3511     ,4
(412) 787-9553     ,4
(425) 679-4026     ,4
(508) 253-1789     ,4
(512) 338-4400     ,4
(518) 305-6475     ,4
(732) 321-0921     ,4
(732) 721-3002     ,4
(770) 867-7511     ,4
(813) 552-5000     ,4
(816) 201-1024     ,4
(919) 254-7737     ,4
(972) 925-4244     ,4
(972) 995-2011     ,4
(210) 493-3505     ,3
(212) 686-6655     ,3
(212) 902-1000     ,3
(213) 593-8100     ,3
(248) 876-1000     ,3
(253) 347-5930     ,3
(301) 634-4600     ,3
(302) 255-8000     ,3
(312) 693-0161     ,3
(408) 765-1681     ,3
(410) 396-8885     ,3
(415) 422-1435     ,3
(415) 930-8733     ,3
(508) 647-7000     ,3
(510) 249-2991     ,3
(513) 874-3500     ,3
(586) 215-6753     ,3
(602) 284-9641     ,3
(603) 821-4392     ,3
(608) 827-7884     ,3
(609) 409-6950     ,3
(630) 687-1606     ,3
(650) 225-1000     ,3
(650) 846-5736     ,3
(650) 857-1501     ,3
(650) 944-6000     ,3
(703) 230-2600     ,3
(703) 263-1546     ,3
(713) 556-7406     ,3
(724) 745-7100     ,3
(732) 623-0399     ,3
(760) 918-3874     ,3
(800) 285-3000     ,3
(800) 403-3302     ,3
(908) 582-3042     ,3
(954) 671-5349     ,3
(1800) 538-8450    ,2
(1800) 745-3263    ,2
(208) 368-3156     ,2
(212) 278-6000     ,2
(212) 891-6100     ,2
(224) 212-2000     ,2
(225) 291-1991     ,2
(248) 393-5300     ,2
(248) 504-6870     ,2
(248) 581-1100     ,2
(248) 614-2400     ,2
(248) 614-2500     ,2
(248) 712-6703     ,2
(248) 786-2500     ,2
(267) 759-9000     ,2
(309) 755-0433     ,2
(312) 474-3496     ,2
(313) 665-1211     ,2
(314) 529-3600     ,2
(334) 481-2075     ,2
(408) 346-5101     ,2
(408) 371-1900     ,2
(408) 376-7440     ,2
(408) 501-2200     ,2
(408) 536-5856     ,2
(408) 727-5555     ,2
(408) 743-4415     ,2
(408) 745-2000     ,2
(408) 773-5384     ,2
(410) 865-8500     ,2
(410) 988-5347     ,2
(415) 222-9670     ,2
(415) 814-9837     ,2
(415) 832-2376     ,2
(415) 842-3519     ,2
(508) 616-0099     ,2
(508) 836-2700     ,2
(510) 396-9972     ,2
(510) 661-1488     ,2
(510) 870-3394     ,2
(512) 895-2905     ,2
(573) 882-3211     ,2
(575) 752-3254     ,2
(608) 265-2257     ,2
(608) 661-7608     ,2
(610) 962-0380     ,2
(614) 322-9928     ,2
(617) 563-6780     ,2
(617) 621-0200     ,2
(626) 768-6800     ,2
(630) 928-1518     ,2
(641) 621-1000     ,2
(646) 839-7614     ,2
(650) 331-2729     ,2
(650) 385-5953     ,2
(650) 687-3600     ,2
(650) 849-4000     ,2
(678) 534-3965     ,2
(678) 691-7120     ,2
(678) 999-8200     ,2
(703) 621-4826     ,2
(703) 641-3018     ,2
(703) 648-8002     ,2
(703) 848-8600     ,2
(718) 250-1693     ,2
(718) 935-4499     ,2
(727) 577-9749     ,2
(727) 723-0801     ,2
(732) 694-1000     ,2
(734) 717-7969     ,2
(734) 763-4081     ,2
(770) 904-7720     ,2
(800) 381-3585     ,2
(800) 944-6055     ,2
(801) 947-3100     ,2
(812) 377-5000     ,2
(812) 855-9086     ,2
(817) 963-5951     ,2
(818) 551-7403     ,2
(818) 955-6000     ,2
(847) 286-2500     ,2
(847) 523-5000     ,2
(904) 438-6000     ,2
(908) 279-8670     ,2
(912) 739-3181     ,2
(916) 294-0065     ,2
(925) 226-9112     ,2
(925) 452-8224     ,2
(940) 668-4891     ,2
(949) 672-2000     ,2
(972) 583-1725     ,2
(972) 699-1818     ,2
(978) 399-0230     ,2
(1212) 553-0300    ,1
(1406) 243-6634    ,1
(1508) 389-7300    ,1
(1734) 354-9700    ,1
(201) 212-4596     ,1
(201) 216-0171     ,1
(201) 236-7000     ,1
(201) 291-5111     ,1
(201) 336-9431     ,1
(201) 461-6367     ,1
(201) 465-8027     ,1
(201) 521-0300     ,1
(201) 680-0200     ,1
(201) 687-9975     ,1
(201) 692-2000     ,1
(201) 705-0948     ,1
(201) 721-6651     ,1
(201) 724-9616     ,1
(201) 793-1111     ,1
(201) 835-3081     ,1
(201) 866-6789     ,1
(201) 944-6622     ,1
(202) 266-5600     ,1
(202) 334-6000     ,1
(202) 687-4627     ,1
(202) 728-8286     ,1
(203) 328-3500     ,1
(203) 328-5351     ,1
(203) 391-5900     ,1
(203) 742-3600     ,1
(205) 212-8219     ,1
(205) 348-5402     ,1
(205) 934-4383     ,1
(206) 272-5555     ,1
(206) 318-1575     ,1
(206) 339-1541     ,1
(206) 826-4900     ,1
(206) 838-2594     ,1
(207) 581-3425     ,1
(208) 780-7242     ,1
(210) 312-4000     ,1
(210) 999-7011     ,1
(212) 224-4000     ,1
(212) 226-0808     ,1
(212) 250-2500     ,1
(212) 265-5300     ,1
(212) 298-9300     ,1
(212) 393-1420     ,1
(212) 404-8800     ,1
(212) 412-4000     ,1
(212) 414-3010     ,1
(212) 432-2844     ,1
(212) 438-2465     ,1
(212) 446-7000     ,1
(212) 448-0918     ,1
(212) 448-9253     ,1
(212) 476-9000     ,1
(212) 532-9600     ,1
(212) 543-7700     ,1
(212) 551-4007     ,1
(212) 559-1000     ,1
(212) 574-5982     ,1
(212) 576-7000     ,1
(212) 579-4700     ,1
(212) 583-5000     ,1
(212) 596-3472     ,1
(212) 598-8000     ,1
(212) 598-9010     ,1
(212) 621-0440     ,1
(212) 672-6000     ,1
(212) 673-1818     ,1
(212) 702-7162     ,1
(212) 710-3080     ,1
(212) 715-5100     ,1
(212) 725-3182     ,1
(212) 730-8800     ,1
(212) 801-9723     ,1
(212) 804-1440     ,1
(212) 810-5300     ,1
(212) 825-1046     ,1
(212) 854-6356     ,1
(212) 855-1200     ,1
(212) 883-1000     ,1
(212) 947-3333     ,1
(212) 965-0550     ,1
(212) 974-0243     ,1
(212) 998-4727     ,1
(213) 362-2773     ,1
(213) 365-8920     ,1
(213) 380-4646     ,1
(213) 383-0000     ,1
(213) 385-8685     ,1
(213) 478-0088     ,1
(213) 487-3333     ,1
(213) 487-3600     ,1
(213) 489-9011     ,1
(213) 598-6333     ,1
(213) 626-2761     ,1
(213) 740-5257     ,1
(213) 749-2205     ,1
(214) 245-4518     ,1
(214) 256-3873     ,1
(214) 293-4454     ,1
(214) 303-4900     ,1
(214) 353-3000     ,1
(214) 385-4144     ,1
(214) 486-2000     ,1
(214) 494-3865     ,1
(214) 519-8633     ,1
(214) 584-5895     ,1
(214) 624-5080     ,1
(214) 840-6764     ,1
(214) 884-4253     ,1
(215) 241-2400     ,1
(215) 279-8618     ,1
(215) 279-8974     ,1
(215) 286-5912     ,1
(215) 365-5600     ,1
(215) 386-0100     ,1
(215) 550-3431     ,1
(215) 641-1500     ,1
(215) 746-3216     ,1
(215) 751-4000     ,1
(215) 840-6754     ,1
(216) 606-4000     ,1
(217) 546-7114     ,1
(217) 971-4330     ,1
(224) 231-1752     ,1
(224) 563-3300     ,1
(224) 948-2000     ,1
(225) 578-1686     ,1
(231) 591-3873     ,1
(239) 793-4491     ,1
(240) 268-0400     ,1
(240) 396-2775     ,1
(240) 482-3200     ,1
(240) 580-1919     ,1
(240) 644-7920     ,1
(240) 720-0514     ,1
(248) 203-2273     ,1
(248) 322-6777     ,1
(248) 327-3080     ,1
(248) 339-4000     ,1
(248) 350-1515     ,1
(248) 354-0295     ,1
(248) 435-1000     ,1
(248) 457-0700     ,1
(248) 476-5571     ,1
(248) 522-6100     ,1
(248) 524-0222     ,1
(248) 553-7379     ,1
(248) 573-4980     ,1
(248) 619-3580     ,1
(248) 697-9300     ,1
(248) 729-3010     ,1
(248) 757-8839     ,1
(248) 813-3353     ,1
(248) 869-2125     ,1
(248) 994-7010     ,1
(252) 246-4553     ,1
(252) 737-4769     ,1
(252) 939-1958     ,1
(253) 236-0125     ,1
(253) 872-8181     ,1
(253) 922-0446     ,1
(256) 730-2005     ,1
(256) 768-9404     ,1
(262) 613-9643     ,1
(262) 705-3445     ,1
(262) 797-7200     ,1
(262) 995-7002     ,1
(267) 620-2000     ,1
(267) 759-7066     ,1
(281) 207-8234     ,1
(281) 209-0700     ,1
(281) 340-3000     ,1
(281) 407-9812     ,1
(281) 442-7484     ,1
(281) 504-8233     ,1
(281) 664-7222     ,1
(281) 712-8090     ,1
(281) 762-7462     ,1
(281) 821-2118     ,1
(281) 848-6000     ,1
(281) 873-8733     ,1
(281) 877-6000     ,1
(281) 895-7717     ,1
(281) 970-3000     ,1
(301) 365-4480     ,1
(301) 601-2656     ,1
(301) 610-2585     ,1
(301) 670-1635     ,1
(301) 670-2300     ,1
(301) 725-0233     ,1
(301) 740-1730     ,1
(301) 806-4440     ,1
(301) 838-3240     ,1
(301) 850-0635     ,1
(301) 982-9700     ,1
(302) 392-9000     ,1
(302) 709-5900     ,1
(302) 834-9300     ,1
(303) 397-2600     ,1
(303) 397-8548     ,1
(303) 442-3813     ,1
(303) 471-3478     ,1
(303) 495-7000     ,1
(303) 638-3505     ,1
(303) 683-3433     ,1
(303) 704-4699     ,1
(303) 928-1564     ,1
(303) 978-2000     ,1
(305) 303-6478     ,1
(305) 362-9331     ,1
(305) 454-0915     ,1
(305) 592-1845     ,1
(305) 593-0911     ,1
(305) 599-9255     ,1
(305) 728-6043     ,1
(305) 788-7989     ,1
(305) 822-8252     ,1
(305) 864-3777     ,1
(305) 938-5707     ,1
(305) 992-4403     ,1
(309) 661-4587     ,1
(309) 676-2276     ,1
(310) 217-2700     ,1
(310) 288-9999     ,1
(310) 327-2244     ,1
(310) 378-6666     ,1
(310) 400-5659     ,1
(310) 410-9600     ,1
(310) 413-9499     ,1
(310) 513-7239     ,1
(310) 522-6666     ,1
(310) 539-4800     ,1
(310) 556-9700     ,1
(310) 563-3800     ,1
(310) 581-2121     ,1
(310) 679-1943     ,1
(310) 740-9530     ,1
(310) 873-5706     ,1
(310) 991-0729     ,1
(312) 206-8673     ,1
(312) 222-4636     ,1
(312) 225-2323     ,1
(312) 254-4445     ,1
(312) 347-7079     ,1
(312) 405-0345     ,1
(312) 419-9600     ,1
(312) 459-5489     ,1
(312) 526-7341     ,1
(312) 602-8326     ,1
(312) 693-5256     ,1
(312) 696-6000     ,1
(312) 808-0311     ,1
(312) 922-8693     ,1
(312) 949-3600     ,1
(312) 985-3856     ,1
(313) 259-9900     ,1
(313) 373-3000     ,1
(313) 396-5555     ,1
(314) 209-2800     ,1
(314) 694-1000     ,1
(314) 965-0555     ,1
(316) 299-0301     ,1
(316) 946-6462     ,1
(317) 219-3236     ,1
(317) 280-9900     ,1
(321) 710-0969     ,1
(323) 219-6603     ,1
(323) 262-8001     ,1
(323) 265-0244     ,1
(323) 480-9100     ,1
(323) 588-7277     ,1
(323) 692-4040     ,1
(323) 720-1997     ,1
(323) 725-8751     ,1
(325) 223-9500     ,1
(330) 672-2982     ,1
(330) 753-4511     ,1
(330) 794-2302     ,1
(334) 233-6481     ,1
(334) 244-1885     ,1
(334) 286-1780     ,1
(334) 286-3607     ,1
(336) 278-6700     ,1
(336) 621-0061     ,1
(336) 664-1233     ,1
(336) 931-7252     ,1
(347) 746-0680     ,1
(360) 455-1113     ,1
(360) 575-5195     ,1
(361) 884-2661     ,1
(401) 276-4478     ,1
(401) 369-9381     ,1
(401) 662-9372     ,1
(401) 780-2300     ,1
(402) 280-1804     ,1
(402) 391-8111     ,1
(402) 399-1000     ,1
(402) 559-8449     ,1
(402) 697-6495     ,1
(402) 786-1000     ,1
(402) 938-1411     ,1
(404) 257-0743     ,1
(404) 302-9700     ,1
(404) 315-1555     ,1
(404) 442-8000     ,1
(404) 451-2173     ,1
(404) 513-3385     ,1
(404) 832-4000     ,1
(404) 888-8000     ,1
(405) 325-1826     ,1
(405) 478-5353     ,1
(405) 524-9762     ,1
(407) 226-0250     ,1
(407) 496-5969     ,1
(407) 574-6468     ,1
(407) 736-2000     ,1
(407) 889-4400     ,1
(407) 948-8792     ,1
(408) 200-9891     ,1
(408) 215-9344     ,1
(408) 235-7700     ,1
(408) 255-2640     ,1
(408) 263-3435     ,1
(408) 325-8668     ,1
(408) 327-6000     ,1
(408) 329-1761     ,1
(408) 333-4961     ,1
(408) 362-3000     ,1
(408) 382-8000     ,1
(408) 386-1655     ,1
(408) 433-7343     ,1
(408) 436-6170     ,1
(408) 451-2888     ,1
(408) 452-2000     ,1
(408) 479-3778     ,1
(408) 481-8000     ,1
(408) 486-2000     ,1
(408) 514-3500     ,1
(408) 518-5500     ,1
(408) 518-8800     ,1
(408) 520-0520     ,1
(408) 540-3700     ,1
(408) 545-6208     ,1
(408) 567-3000     ,1
(408) 576-5096     ,1
(408) 585-6800     ,1
(408) 628-1277     ,1
(408) 653-2020     ,1
(408) 654-7400     ,1
(408) 733-1530     ,1
(408) 754-3012     ,1
(408) 782-2000     ,1
(408) 822-6000     ,1
(408) 834-4161     ,1
(408) 841-4881     ,1
(408) 865-0873     ,1
(408) 889-2034     ,1
(408) 904-1100     ,1
(408) 934-6800     ,1
(408) 938-4462     ,1
(408) 943-1234     ,1
(408) 943-2600     ,1
(408) 962-0680     ,1
(408) 962-2500     ,1
(408) 970-1000     ,1
(409) 860-1888     ,1
(410) 837-7311     ,1
(410) 843-8000     ,1
(410) 872-1008     ,1
(410) 948-5976     ,1
(412) 213-8665     ,1
(412) 363-3300     ,1
(413) 545-6108     ,1
(414) 382-2000     ,1
(414) 524-3574     ,1
(414) 961-1000     ,1
(415) 247-8800     ,1
(415) 275-7406     ,1
(415) 310-9848     ,1
(415) 332-5100     ,1
(415) 421-7900     ,1
(415) 421-9000     ,1
(415) 442-8426     ,1
(415) 448-7179     ,1
(415) 507-5000     ,1
(415) 525-3888     ,1
(415) 526-7000     ,1
(415) 593-5400     ,1
(415) 670-2000     ,1
(415) 728-0115     ,1
(415) 728-9598     ,1
(415) 762-7100     ,1
(415) 781-9678     ,1
(415) 839-6885     ,1
(415) 848-8593     ,1
(415) 875-4500     ,1
(415) 896-2123     ,1
(415) 908-3801     ,1
(415) 956-2095     ,1
(415) 957-9445     ,1
(415) 986-5600     ,1
(423) 586-5722     ,1
(425) 336-4713     ,1
(425) 367-4477     ,1
(425) 372-2665     ,1
(425) 466-6458     ,1
(425) 590-5000     ,1
(425) 679-7200     ,1
(425) 867-1350     ,1
(425) 952-6070     ,1
(432) 456-0000     ,1
(432) 894-5708     ,1
(432) 943-2511     ,1
(434) 243-2031     ,1
(443) 379-4565     ,1
(443) 878-7506     ,1
(443) 921-1900     ,1
(469) 229-9489     ,1
(469) 266-1968     ,1
(469) 667-5772     ,1
(480) 619-4069     ,1
(480) 643-4001     ,1
(480) 792-7370     ,1
(484) 868-7459     ,1
(484) 872-8707     ,1
(484) 944-0009     ,1
(501) 252-1000     ,1
(501) 687-2400     ,1
(502) 261-4768     ,1
(502) 515-9515     ,1
(502) 580-4437     ,1
(503) 412-9225     ,1
(503) 671-6453     ,1
(503) 682-2211     ,1
(503) 688-6352     ,1
(503) 922-2003     ,1
(504) 486-5901     ,1
(504) 529-9641     ,1
(505) 598-1017     ,1
(505) 721-1063     ,1
(507) 457-5000     ,1
(508) 351-7565     ,1
(508) 353-0732     ,1
(508) 369-3099     ,1
(508) 459-8667     ,1
(508) 481-6700     ,1
(508) 752-2040     ,1
(510) 252-0346     ,1
(510) 279-4187     ,1
(510) 352-5000     ,1
(510) 353-4070     ,1
(510) 486-6326     ,1
(510) 490-9995     ,1
(510) 574-1714     ,1
(510) 741-6009     ,1
(510) 744-1700     ,1
(510) 795-8500     ,1
(510) 796-9300     ,1
(510) 797-7006     ,1
(512) 295-2225     ,1
(512) 314-4334     ,1
(512) 418-5795     ,1
(512) 551-6000     ,1
(512) 568-8383     ,1
(512) 670-6035     ,1
(512) 672-1044     ,1
(512) 683-6001     ,1
(512) 692-6290     ,1
(513) 529-6734     ,1
(513) 554-1100     ,1
(513) 576-2400     ,1
(513) 665-4544     ,1
(516) 237-6000     ,1
(516) 505-1090     ,1
(516) 759-0355     ,1
(516) 813-9500     ,1
(516) 960-2485     ,1
(516) 986-1700     ,1
(518) 265-3060     ,1
(518) 276-6302     ,1
(518) 453-4199     ,1
(518) 810-7478     ,1
(518) 869-5901     ,1
(530) 790-6877     ,1
(540) 561-1238     ,1
(540) 946-9150     ,1
(561) 547-7710     ,1
(561) 995-1200     ,1
(562) 551-3999     ,1
(562) 623-9328     ,1
(562) 677-1997     ,1
(562) 677-8116     ,1
(562) 809-8369     ,1
(562) 906-1060     ,1
(562) 926-7186     ,1
(562) 985-4111     ,1
(562) 988-1688     ,1
(571) 252-5515     ,1
(571) 512-3368     ,1
(572) 372-4628     ,1
(574) 315-4676     ,1
(574) 372-5906     ,1
(586) 416-1500     ,1
(602) 244-5700     ,1
(602) 257-9339     ,1
(602) 455-2886     ,1
(602) 952-9741     ,1
(603) 436-7500     ,1
(603) 557-7981     ,1
(603) 685-2300     ,1
(605) 357-1304     ,1
(608) 785-8013     ,1
(608) 827-7772     ,1
(609) 252-1878     ,1
(609) 275-6507     ,1
(609) 297-0517     ,1
(609) 392-7440     ,1
(609) 452-0700     ,1
(609) 514-0700     ,1
(609) 524-5281     ,1
(609) 524-5457     ,1
(609) 606-2886     ,1
(609) 716-8847     ,1
(609) 919-0970     ,1
(609) 945-2590     ,1
(609) 997-0444     ,1
(610) 239-8100     ,1
(610) 491-7000     ,1
(610) 661-1000     ,1
(610) 667-7700     ,1
(610) 683-1353     ,1
(610) 701-7002     ,1
(610) 765-6671     ,1
(610) 775-6491     ,1
(610) 806-2381     ,1
(612) 293-4503     ,1
(612) 624-1478     ,1
(612) 676-6760     ,1
(614) 249-7111     ,1
(614) 492-7518     ,1
(614) 495-7606     ,1
(614) 577-7000     ,1
(614) 716-1000     ,1
(614) 764-6056     ,1
(614) 883-0387     ,1
(615) 301-3100     ,1
(615) 344-2292     ,1
(615) 524-5224     ,1
(615) 882-7600     ,1
(615) 898-2880     ,1
(616) 301-1486     ,1
(617) 332-8243     ,1
(617) 366-2839     ,1
(617) 444-3000     ,1
(617) 456-8605     ,1
(617) 489-6666     ,1
(617) 587-1100     ,1
(617) 600-0668     ,1
(617) 661-2011     ,1
(617) 850-3500     ,1
(617) 912-4700     ,1
(617) 951-5000     ,1
(617) 973-1200     ,1
(626) 286-8837     ,1
(626) 445-2170     ,1
(626) 470-2355     ,1
(626) 685-9410     ,1
(626) 851-9800     ,1
(626) 854-6045     ,1
(626) 964-2875     ,1
(630) 285-9900     ,1
(630) 305-1000     ,1
(630) 410-4800     ,1
(630) 694-3276     ,1
(630) 748-8800     ,1
(630) 799-0262     ,1
(630) 861-1000     ,1
(630) 932-9308     ,1
(630) 983-0993     ,1
(630) 983-9819     ,1
(631) 231-3233     ,1
(631) 342-6000     ,1
(631) 656-5086     ,1
(636) 240-2400     ,1
(636) 528-3399     ,1
(641) 472-2824     ,1
(641) 472-5100     ,1
(646) 223-4000     ,1
(646) 227-3001     ,1
(646) 375-1111     ,1
(646) 448-9982     ,1
(646) 452-0050     ,1
(646) 519-3253     ,1
(646) 757-2988     ,1
(646) 843-7300     ,1
(650) 249-7100     ,1
(650) 249-9090     ,1
(650) 321-3000     ,1
(650) 336-4011     ,1
(650) 344-7965     ,1
(650) 381-6000     ,1
(650) 385-5000     ,1
(650) 443-5253     ,1
(650) 462-9244     ,1
(650) 508-2212     ,1
(650) 522-1753     ,1
(650) 525-3540     ,1
(650) 561-4580     ,1
(650) 584-2082     ,1
(650) 610-5200     ,1
(650) 628-1500     ,1
(650) 644-3900     ,1
(650) 645-3000     ,1
(650) 814-9580     ,1
(650) 931-6202     ,1
(651) 733-8228     ,1
(651) 747-8722     ,1
(660) 785-4109     ,1
(661) 775-7500     ,1
(669) 262-2422     ,1
(671) 637-9855     ,1
(671) 648-6390     ,1
(678) 328-3700     ,1
(678) 357-0658     ,1
(678) 388-9009     ,1
(678) 389-4300     ,1
(678) 395-7992     ,1
(678) 474-2000     ,1
(678) 521-6329     ,1
(678) 597-7719     ,1
(678) 648-6191     ,1
(678) 665-6620     ,1
(678) 694-6000     ,1
(678) 824-7746     ,1
(678) 862-0550     ,1
(701) 777-2121     ,1
(702) 703-4361     ,1
(703) 243-2992     ,1
(703) 263-2681     ,1
(703) 281-0822     ,1
(703) 302-8000     ,1
(703) 310-6234     ,1
(703) 337-0011     ,1
(703) 438-2000     ,1
(703) 444-2422     ,1
(703) 476-8999     ,1
(703) 516-0433     ,1
(703) 624-4706     ,1
(703) 665-0813     ,1
(703) 677-3655     ,1
(703) 793-0101     ,1
(703) 802-6231     ,1
(703) 807-2325     ,1
(703) 822-7712     ,1
(703) 825-1210     ,1
(703) 828-0067     ,1
(703) 866-1880     ,1
(703) 880-2717     ,1
(703) 880-4222     ,1
(703) 889-8511     ,1
(703) 896-4000     ,1
(703) 917-1650     ,1
(703) 918-5000     ,1
(703) 942-6560     ,1
(703) 953-2535     ,1
(703) 955-3772     ,1
(703) 992-9822     ,1
(703) 994-4545     ,1
(703) 996-4400     ,1
(704) 264-8800     ,1
(704) 374-4920     ,1
(704) 594-3354     ,1
(704) 596-2994     ,1
(704) 814-3622     ,1
(704) 816-5477     ,1
(704) 971-7315     ,1
(707) 334-7478     ,1
(708) 799-6200     ,1
(708) 985-9230     ,1
(71) 381-5653      ,1
(713) 218-5000     ,1
(713) 241-2258     ,1
(713) 265-1524     ,1
(713) 337-3888     ,1
(713) 452-3093     ,1
(713) 464-1511     ,1
(713) 480-7510     ,1
(713) 499-5861     ,1
(713) 647-4000     ,1
(713) 675-6100     ,1
(713) 684-1382     ,1
(713) 689-6379     ,1
(713) 693-8701     ,1
(713) 753-2000     ,1
(713) 836-4000     ,1
(713) 839-2000     ,1
(713) 839-4622     ,1
(713) 869-7577     ,1
(713) 877-3500     ,1
(713) 937-4988     ,1
(713) 956-2838     ,1
(713) 974-1412     ,1
(713) 975-7434     ,1
(713) 983-9913     ,1
(714) 253-3498     ,1
(714) 375-4982     ,1
(714) 579-7979     ,1
(714) 612-4857     ,1
(714) 741-0088     ,1
(714) 801-5175     ,1
(714) 891-6400     ,1
(714) 894-9500     ,1
(714) 938-0300     ,1
(715) 232-2289     ,1
(716) 841-7508     ,1
(716) 875-3356     ,1
(716) 878-4822     ,1
(717) 426-6580     ,1
(717) 761-7680     ,1
(718) 286-7900     ,1
(718) 361-2255     ,1
(718) 369-7171     ,1
(718) 428-4748     ,1
(718) 445-4370     ,1
(718) 458-0616     ,1
(718) 475-4831     ,1
(718) 497-1678     ,1
(718) 522-6800     ,1
(718) 523-5635     ,1
(718) 618-5267     ,1
(718) 641-4700     ,1
(718) 646-2700     ,1
(718) 738-2122     ,1
(718) 878-3378     ,1
(719) 487-6249     ,1
(719) 884-0102     ,1
(720) 888-2063     ,1
(724) 514-1800     ,1
(727) 269-5618     ,1
(727) 378-8029     ,1
(727) 400-4789     ,1
(727) 567-6627     ,1
(732) 200-1177     ,1
(732) 207-0099     ,1
(732) 248-6111     ,1
(732) 248-6119     ,1
(732) 254-4700     ,1
(732) 283-0499     ,1
(732) 287-5000     ,1
(732) 317-6652     ,1
(732) 326-5888     ,1
(732) 333-4793     ,1
(732) 339-1800     ,1
(732) 339-4986     ,1
(732) 384-6101     ,1
(732) 387-0533     ,1
(732) 391-1066     ,1
(732) 393-0034     ,1
(732) 399-9000     ,1
(732) 404-1600     ,1
(732) 414-2854     ,1
(732) 416-7646     ,1
(732) 423-8367     ,1
(732) 444-0123     ,1
(732) 452-1006     ,1
(732) 469-0880     ,1
(732) 476-5277     ,1
(732) 494-4100     ,1
(732) 494-4999     ,1
(732) 510-4500     ,1
(732) 514-4429     ,1
(732) 537-9999     ,1
(732) 548-4000     ,1
(732) 562-1005     ,1
(732) 572-1800     ,1
(732) 590-2183     ,1
(732) 626-9820     ,1
(732) 649-6700     ,1
(732) 662-3650     ,1
(732) 705-4266     ,1
(732) 710-4447     ,1
(732) 726-0593     ,1
(732) 729-7700     ,1
(732) 745-0107     ,1
(732) 748-1800     ,1
(732) 750-1323     ,1
(732) 777-0050     ,1
(732) 788-3900     ,1
(732) 822-6345     ,1
(732) 887-4646     ,1
(732) 906-3200     ,1
(732) 940-4200     ,1
(732) 981-0600     ,1
(732) 985-8800     ,1
(732) 985-9533     ,1
(734) 233-3300     ,1
(734) 242-1444     ,1
(734) 404-5625     ,1
(734) 604-1649     ,1
(734) 710-5935     ,1
(734) 722-3066     ,1
(734) 855-2600     ,1
(740) 593-2626     ,1
(740) 951-3001     ,1
(757) 213-3523     ,1
(757) 683-3808     ,1
(760) 476-2200     ,1
(763) 505-2710     ,1
(765) 494-5770     ,1
(770) 232-9460     ,1
(770) 326-9933     ,1
(770) 391-0590     ,1
(770) 401-0593     ,1
(770) 447-6200     ,1
(770) 475-1445     ,1
(770) 551-9494     ,1
(770) 752-8600     ,1
(770) 777-9588     ,1
(770) 804-6463     ,1
(770) 857-2395     ,1
(770) 857-8348     ,1
(770) 932-3023     ,1
(770) 935-5165     ,1
(770) 956-7118     ,1
(770) 961-5469     ,1
(772) 288-9867     ,1
(773) 399-8000     ,1
(773) 922-1155     ,1
(775) 778-4509     ,1
(781) 246-9500     ,1
(781) 273-5050     ,1
(781) 283-2084     ,1
(781) 305-5506     ,1
(781) 356-2000     ,1
(781) 370-5000     ,1
(781) 664-4899     ,1
(781) 693-3700     ,1
(785) 823-3276     ,1
(786) 312-3368     ,1
(786) 483-3140     ,1
(8) 187-1863       ,1
(800) 200-2000     ,1
(800) 521-9353     ,1
(800) 578-7906     ,1
(801) 204-2000     ,1
(801) 532-2741     ,1
(801) 584-3010     ,1
(801) 767-5040     ,1
(801) 957-5245     ,1
(802) 865-0920     ,1
(804) 271-4269     ,1
(804) 289-9600     ,1
(804) 484-2400     ,1
(804) 697-6696     ,1
(804) 752-2001     ,1
(804) 763-7611     ,1
(804) 922-5589     ,1
(804) 968-4700     ,1
(805) 499-0721     ,1
(805) 522-1911     ,1
(805) 643-0795     ,1
(805) 690-6400     ,1
(805) 722-1121     ,1
(808) 485-2255     ,1
(813) 413-7771     ,1
(813) 600-4060     ,1
(814) 824-3810     ,1
(814) 866-6641     ,1
(814) 941-1694     ,1
(815) 282-7800     ,1
(815) 639-8600     ,1
(816) 271-4466     ,1
(817) 336-6824     ,1
(818) 436-1294     ,1
(818) 444-3668     ,1
(818) 556-2616     ,1
(818) 785-9561     ,1
(818) 836-5000     ,1
(818) 846-8483     ,1
(828) 251-6471     ,1
(828) 719-0657     ,1
(830) 792-7435     ,1
(831) 242-5292     ,1
(831) 623-4216     ,1
(832) 886-1699     ,1
(847) 231-3053     ,1
(847) 275-8059     ,1
(847) 283-7407     ,1
(847) 296-1125     ,1
(847) 317-9667     ,1
(847) 362-6800     ,1
(847) 367-7730     ,1
(847) 427-0557     ,1
(847) 431-1469     ,1
(847) 482-5000     ,1
(847) 483-1580     ,1
(847) 491-5979     ,1
(847) 512-8900     ,1
(847) 576-5000     ,1
(847) 577-5256     ,1
(847) 866-1717     ,1
(847) 871-9450     ,1
(847) 937-2778     ,1
(847) 952-0000     ,1
(847) 955-6463     ,1
(847) 956-3381     ,1
(847) 969-0200     ,1
(847) 969-1500     ,1
(847) 971-7864     ,1
(847) 981-5151     ,1
(850) 577-4213     ,1
(850) 644-9549     ,1
(855) 324-4636     ,1
(855) 698-8887     ,1
(855) 771-7141     ,1
(855) 846-7866     ,1
(856) 343-0777     ,1
(856) 442-0410     ,1
(856) 751-4848     ,1
(858) 208-4133     ,1
(858) 228-7368     ,1
(858) 320-9441     ,1
(858) 432-7220     ,1
(858) 450-9606     ,1
(858) 500-8800     ,1
(858) 651-0302     ,1
(859) 344-3737     ,1
(860) 254-4839     ,1
(860) 273-0683     ,1
(860) 633-2025     ,1
(860) 635-7740     ,1
(860) 791-6356     ,1
(862) 778-6078     ,1
(862) 926-5202     ,1
(863) 688-7407     ,1
(864) 678-1000     ,1
(866) 736-5500     ,1
(877) 365-2635     ,1
(877) 572-7423     ,1
(877) 612-8972     ,1
(877) 723-7655     ,1
(877) 759-7464     ,1
(888) 205-4614     ,1
(888) 418-8440     ,1
(888) 987-8337     ,1
(901) 300-6687     ,1
(901) 351-6820     ,1
(901) 523-4444     ,1
(904) 332-4534     ,1
(904) 360-2853     ,1
(904) 416-1990     ,1
(904) 724-2277     ,1
(904) 791-6924     ,1
(907) 433-1745     ,1
(908) 315-3937     ,1
(908) 516-3006     ,1
(908) 548-8040     ,1
(908) 565-4764     ,1
(908) 636-2727     ,1
(908) 791-2916     ,1
(908) 947-3120     ,1
(909) 502-5005     ,1
(909) 596-8820     ,1
(909) 598-8381     ,1
(909) 786-3521     ,1
(910) 223-7711     ,1
(910) 251-0081     ,1
(910) 293-3434     ,1
(910) 296-1521     ,1
(912) 358-3209     ,1
(912) 478-7481     ,1
(912) 652-9600     ,1
(912) 965-5436     ,1
(913) 315-9365     ,1
(913) 422-1888     ,1
(913) 498-8872     ,1
(913) 538-5401     ,1
(913) 599-6886     ,1
(913) 647-8640     ,1
(914) 251-0701     ,1
(914) 253-2000     ,1
(916) 351-2212     ,1
(916) 358-6424     ,1
(916) 920-2273     ,1
(918) 250-6601     ,1
(918) 573-2000     ,1
(919) 405-4170     ,1
(919) 468-2957     ,1
(919) 542-1033     ,1
(919) 678-8118     ,1
(919) 773-7717     ,1
(919) 851-2000     ,1
(919) 896-6693     ,1
(919) 962-5661     ,1
(919) 998-2888     ,1
(920) 437-7601     ,1
(925) 201-2000     ,1
(925) 227-7000     ,1
(925) 229-0732     ,1
(925) 251-2200     ,1
(925) 279-4160     ,1
(925) 352-3885     ,1
(925) 435-9672     ,1
(925) 467-3798     ,1
(925) 468-0240     ,1
(925) 583-5411     ,1
(925) 931-6060     ,1
(936) 537-2393     ,1
(937) 229-4211     ,1
(937) 323-8833     ,1
(941) 379-0300     ,1
(941) 486-1800     ,1
(949) 230-3797     ,1
(949) 417-0260     ,1
(949) 440-2600     ,1
(949) 455-5745     ,1
(949) 596-8400     ,1
(949) 752-6368     ,1
(949) 756-0910     ,1
(949) 824-7175     ,1
(949) 856-7243     ,1
(949) 878-9650     ,1
(951) 270-1766     ,1
(951) 272-9540     ,1
(952) 876-3000     ,1
(952) 941-1964     ,1
(954) 331-7004     ,1
(954) 442-8771     ,1
(954) 473-4888     ,1
(954) 615-4050     ,1
(954) 717-0300     ,1
(954) 771-2111     ,1
(954) 986-4559     ,1
(956) 665-2451     ,1
(970) 497-8220     ,1
(971) 321-2130     ,1
(972) 241-4436     ,1
(972) 285-6895     ,1
(972) 312-8202     ,1
(972) 378-1030     ,1
(972) 409-9622     ,1
(972) 417-8937     ,1
(972) 424-6606     ,1
(972) 443-7000     ,1
(972) 506-0900     ,1
(972) 573-3381     ,1
(972) 578-0191     ,1
(972) 605-0399     ,1
(972) 671-1500     ,1
(972) 718-1548     ,1
(972) 735-0399     ,1
(972) 755-1800     ,1
(972) 756-1212     ,1
(972) 887-3160     ,1
(973) 216-9008     ,1
(973) 299-7600     ,1
(973) 407-7465     ,1
(973) 427-4519     ,1
(973) 430-5776     ,1
(973) 542-8326     ,1
(973) 575-8339     ,1
(973) 596-3142     ,1
(973) 627-4685     ,1
(973) 889-0500     ,1
(973) 974-5000     ,1
(978) 356-6500     ,1
(978) 794-0800     ,1
(978) 923-0400     ,1
(979) 677-5600     ,1
